,precision,recall,f1-score,support
0,0.8823529411764706,0.36585365853658536,0.5172413793103449,41.0
1,0.2777777777777778,0.8333333333333334,0.4166666666666667,12.0
accuracy,,,0.4716981132075472,53.0
macro avg,0.5800653594771241,0.5995934959349594,0.46695402298850575,53.0
weighted avg,0.7454679985201628,0.4716981132075472,0.494469746258946,53.0
micro avg,0.4716981132075472,0.4716981132075472,0.4716981132075472,53.0
